epoch_tag,annual_energy_GWh,peak_MW,p95_MW,p99_MW,hours_gt_0.1MW,hours_gt_5MW,hours_gt_10MW,hours_gt_20MW
2025,185.69287056699594,29.35236220573281,27.56637751161067,28.415783081879365,8712,8712,8712,5392
2028,593.1280176579559,94.76684483843354,87.95924475016382,90.43418424019492,8784,8784,8784,8784
2035_BB,592.9395973030096,94.99880842222532,88.41729669896563,91.02964082778306,8760,8760,8760,8760
2035_EB,827.2727272727271,132.99833179111545,123.78421537855188,127.44149715889625,8760,8760,8760,8760
