unit_id,annual_heat_GWh,annual_fuel_MWh,annual_co2_tonnes,annual_fuel_cost_nzd,annual_carbon_cost_nzd,annual_total_cost_nzd,annual_operational_cost_nzd,annual_penalty_cost_nzd,annual_system_cost_nzd,avg_cost_nzd_per_MWh_heat,avg_operational_cost_nzd_per_MWh_heat
CB1,157.50000000000003,201923.07692307697,50480.76923076924,1413461.5384615387,1514423.0769230772,2927884.615384616,2927884.615384616,0.0,0.0,18.58974358974359,18.58974358974359
CB2,157.50000000000003,196875.00000000003,49218.75000000001,1378125.0000000002,1476562.5000000002,2854687.5000000005,2854687.5000000005,0.0,0.0,18.125,18.125
CB3,252.00000000000006,293023.2558139536,73255.8139534884,2051162.790697675,2197674.418604652,4248837.209302327,4248837.209302327,0.0,0.0,16.86046511627907,16.86046511627907
CB4,252.00000000000006,286363.63636363647,71590.90909090912,2004545.454545455,2147727.2727272734,4152272.7272727285,4152272.7272727285,0.0,0.0,16.477272727272727,16.477272727272727
SYSTEM,0.0,0.0,0.0,0.0,0.0,0.0,0.0,0.0,0.0,0.0,0.0
TOTAL,819.0000000000002,978184.969100667,244546.24227516676,6847294.783704669,7336387.268255003,14183682.051959671,14183682.051959671,0.0,0.0,17.318293103735858,17.318293103735858
